{"Seq2SeqGRU": {"train_acc": [0.7957584438579495, 0.7961196672568737, 0.7965873784786022, 0.7967439782180202, 0.7969381618948986, 0.7975645608525708, 0.7977587445294491, 0.7980343600708248, 0.7984039354558514], "train_loss": [0.45433457821008877, 0.4538157923863283, 0.4533351169666582, 0.4530519268633131, 0.4523261924135018, 0.4515792531402717, 0.45070229461535616, 0.45009830510312676, 0.4495559723081897], "test_acc": [0.7702913609921798, 0.7697405209611324, 0.7697822512665148, 0.7691229124414732, 0.7702329385646444, 0.7688474924259495, 0.7684552275553552, 0.7695652536785265, 0.7683300366392082], "test_loss": [0.5292945557785135, 0.5326285228809913, 0.521383018155619, 0.5225637010084201, 0.5226459838026193, 0.5279398811207907, 0.5220610325310729, 0.5341084897849324, 0.5267360304609273], "h1_acc": [0.8163767351959234, 0.8169624553388392, 0.8162010191530487, 0.8157910150530077, 0.8175481754817548, 0.8164938792245066, 0.8166110232530897, 0.8170210273531306, 0.8158495870672993], "h1_loss": [0.44590533844498653, 0.4424145630630257, 0.4407632497201407, 0.443245489707781, 0.4411808480167964, 0.44022897584628384, 0.44075935073570005, 0.4402581505062416, 0.4411678354217725], "h1_step_acc": [[0.8163313780568406, 0.0, 0.0, 0.0, 0.0, 0.0], [0.8169682198722186, 0.0, 0.0, 0.0, 0.0, 0.0], [0.8161558162590878, 0.0, 0.0, 0.0, 0.0, 0.0], [0.8156429004185943, 0.0, 0.0, 0.0, 0.0, 0.0], [0.8174501542189909, 0.0, 0.0, 0.0, 0.0, 0.0], [0.8164484192553426, 0.0, 0.0, 0.0, 0.0, 0.0], [0.8164621888081075, 0.0, 0.0, 0.0, 0.0, 0.0], [0.8169234688257325, 0.0, 0.0, 0.0, 0.0, 0.0], [0.8157530568407138, 0.0, 0.0, 0.0, 0.0, 0.0]], "h6_acc": [0.7626333411196761, 0.7618936385579693, 0.7620688312699525, 0.7613680604220198, 0.7623705520517013, 0.7609300786420619, 0.7604531651483298, 0.7616795141322121, 0.7604336992914428], "h6_loss": [0.5444720063747521, 0.5489144303814826, 0.5359212230143495, 0.5368359282706782, 0.5372859870501975, 0.5435986318924638, 0.5366316679077598, 0.5509566113620794, 0.5419872380728701], "h6_step_acc": [[0.7424790111940298, 0.7447527985074627, 0.7554221082089553, 0.7628264925373134, 0.7729710820895522, 0.7976329291044776], [0.7424207089552238, 0.7418959888059702, 0.7560051305970149, 0.7623017723880597, 0.7728544776119403, 0.7961753731343284], [0.7431203358208955, 0.7424207089552238, 0.7551305970149254, 0.7620102611940298, 0.7725629664179104, 0.7974580223880597], [0.7406133395522388, 0.7425373134328358, 0.7550139925373134, 0.7629430970149254, 0.7719216417910447, 0.7954757462686567], [0.7437616604477612, 0.7439365671641791, 0.7557719216417911, 0.761893656716418, 0.7724463619402985, 0.796700093283582], [0.7416627798507462, 0.742070895522388, 0.75390625, 0.7607276119402985, 0.7719216417910447, 0.7955923507462687], [0.7425373134328358, 0.7408465485074627, 0.7541977611940298, 0.7605527052238806, 0.7710471082089553, 0.7938432835820896], [0.7425373134328358, 0.7435284514925373, 0.7550139925373134, 0.7614855410447762, 0.7718633395522388, 0.7959421641791045], [0.7398554104477612, 0.7412546641791045, 0.753731343283582, 0.7619519589552238, 0.7698810634328358, 0.7962336753731343]], "final_epoch": 9}}