{"train_loss_prog": [0.5146118020979861, 0.49710814317868435, 0.4940483563323937, 0.4922331020406561, 0.4909562129591994, 0.48992248212821754, 0.4890663637694462, 0.48813632432240195, 0.4873430353226483, 0.4865222870743069, 0.4858381762019229, 0.4852127624421612, 0.4843873568314288, 0.4835536173557555, 0.4827165569531274, 0.48187694907975936, 0.48096219356195313, 0.4800047346911499, 0.47894023070824204, 0.4778363747428511, 0.4766633054991492], "train_acc_prog": [0.7593741767409186, 0.7761467084272459, 0.7778737230336914, 0.7787152767614085, 0.7797690483856804, 0.7803983842168428, 0.7811374879255335, 0.7817375523226883, 0.7820522202382695, 0.7821327166817902, 0.782213213125311, 0.7825278810408922, 0.7829669525510055, 0.7835889705236659, 0.7839182741562509, 0.7844963849779001, 0.7849427743465153, 0.7852867136961039, 0.7855794280361795, 0.7858794602347569, 0.7863624388958815], "test_loss_prog": [0.514803864869107, 0.5093286063980966, 0.5067360168090992, 0.5046988488077185, 0.5035254321777015, 0.5021138310430426, 0.500957660880216, 0.5002548137787496, 0.49999626194201313, 0.4998891061111723, 0.4999227791554136, 0.49996438879801597, 0.5000397222872, 0.49988668040691625, 0.49979177623387655, 0.5003100040538302, 0.5004508072702334, 0.501714699668925, 0.5024879077281041, 0.5042078181522323, 0.5049985198602472], "test_acc_prog": [0.7682695948504354, 0.7713861299624268, 0.7726968222992456, 0.7731919727375994, 0.7730754667521044, 0.7736579966795795, 0.7736871231759531, 0.7735706171904582, 0.7730754667521044, 0.7737162496723269, 0.7736871231759531, 0.7740366411324382, 0.7740366411324382, 0.7740075146360644, 0.774065767628812, 0.7737745026650744, 0.7736579966795795, 0.7726385693064981, 0.7723181778463869, 0.7718812804007806, 0.7716191419334169], "test_acc_h1_prog": [0.8045428072218986, 0.8107163657542225, 0.8122888759464182, 0.8118811881188119, 0.8121141525917298, 0.8132207338380897, 0.8128130460104834, 0.8124635993011066, 0.8122306348281887, 0.8121723937099592, 0.8122306348281887, 0.8125800815375656, 0.8122888759464182, 0.8125218404193361, 0.8132207338380897, 0.8126383226557949, 0.8122306348281887, 0.8114735002912056, 0.8111240535818288, 0.809784507862551, 0.809668025626092], "test_loss_h1_prog": [0.4632804647255114, 0.4566077074297987, 0.45441560250580587, 0.4525587019396118, 0.451765443918056, 0.45031490874247293, 0.44942270028950015, 0.4485244144394291, 0.44823756520774694, 0.44826762080951943, 0.44853381295300626, 0.4485586402689345, 0.4483138992159856, 0.4480917679418223, 0.4475801466843227, 0.4477204801708115, 0.4480429866255994, 0.4492030806983883, 0.4496726336778588, 0.4515105657154059, 0.4523537929676447], "test_acc_h6_prog": [0.7264464254500962, 0.7308162908582415, 0.7318067936840879, 0.7328555613820428, 0.7327390316378255, 0.7341373885684321, 0.7339625939521063, 0.7347200372895182, 0.7339625939521063, 0.7348948319058439, 0.7348948319058439, 0.73547748062693, 0.7356522752432558, 0.7343704480568665, 0.7348948319058439, 0.7351278913942784, 0.7357688049874731, 0.7346617724174096, 0.7346035075453009, 0.7346035075453009, 0.7340208588242149], "test_loss_h6_prog": [0.566310883492682, 0.5620018828111972, 0.5589477027235873, 0.556780438729975, 0.5551811120633631, 0.5538322042426602, 0.5524739469356771, 0.5518875079345489, 0.5515790963654511, 0.5513720131109507, 0.5511896079789784, 0.5511217892602106, 0.5513353234147524, 0.5511862981449356, 0.5512811485284005, 0.5521707908666972, 0.5520541066078005, 0.5533590299891663, 0.554154369292851, 0.5556903839439513, 0.5566444866646179], "final_epoch": 21}