{"train_loss_prog": [0.5507729156576074, 0.5111004642605069, 0.5077031056815368, 0.5060739750256558, 0.5050188332107589, 0.5043285006710511, 0.5038790029272116, 0.5035659524876862, 0.5033578066745191, 0.5031709664851856, 0.5030090318586489, 0.5028809684967491, 0.5027554813652818, 0.5026400813728905, 0.5025282612653993, 0.502427846487625, 0.5023426924805804, 0.5022774260804418, 0.5021888992293866, 0.5021076149993382, 0.5020316063684298, 0.5019670642544471, 0.5019120649402922, 0.5018478993121313, 0.5017867594557376, 0.5017199489441976, 0.5016886890305291, 0.5016281368943746, 0.5015804072464654, 0.5015232468814088, 0.5014563536297787, 0.5013961277166511, 0.501348773995165, 0.5013127110320995, 0.5012687074680061, 0.501237203003527, 0.5011882492069935, 0.5011464575235193, 0.5010954720463666, 0.501049725813106, 0.5010082290429041, 0.5009732957453611, 0.5009484576915242, 0.500925126895616, 0.5008826806487691, 0.5008555013907016, 0.5008177609066135, 0.5008009521696469, 0.5007647837695145, 0.5007440351231972, 0.500714962223947, 0.5006849137809427, 0.5006622422685114, 0.5006403853480577, 0.5006198219131026, 0.5005886604603736, 0.5005585913766463, 0.500532488375152, 0.5005153501180862, 0.500509932931635, 0.5005029981847223, 0.5004827786665874, 0.5004697594868746, 0.5004619905384957, 0.5004408845181655, 0.5004152545370507, 0.5004104379383183, 0.5003864772836343, 0.500373429666183, 0.5003593579757738, 0.5003334139126565, 0.5003218675557908, 0.500300560158456, 0.5002840341230763, 0.5002617831491722, 0.500259085131418, 0.5002348002438798, 0.5002250626879079, 0.500190400955664, 0.5001654486625717, 0.5001707102314897, 0.5001348072855795, 0.5001346185554574, 0.5000844820588021, 0.500052064057248, 0.500029341773656, 0.5000124551723101, 0.4999701657109729, 0.49995961893259705, 0.49992701678929913, 0.49993087320200846, 0.49992059405907374, 0.4998954614469047, 0.4998774766603369, 0.499845688342215, 0.4998310768670229], "train_acc_prog": [0.7302051927523929, 0.7703363287767467, 0.7718730790621433, 0.7730219828469397, 0.7739952580276908, 0.7746831367268683, 0.7747343617363814, 0.7749538974914381, 0.7749392617744343, 0.7749246260574305, 0.7749831689254456, 0.775158797529491, 0.7752319761145099, 0.7754076047185552, 0.7754661475865703, 0.7755246904545854, 0.7755027368790797, 0.7756271404736118, 0.7755100547375816, 0.7755978690396043, 0.7756417761906156, 0.7756710476246231, 0.7757149547756345, 0.7757295904926382, 0.7758027690776571, 0.7757588619266458, 0.775875947662676, 0.7759783976817024, 0.7759198548136873, 0.7759271726721892, 0.7760296226912157, 0.7759857155402043, 0.7760223048327137, 0.7759637619646986, 0.7760296226912157, 0.7760954834177326, 0.7761028012762345, 0.7761906155782572, 0.77600766911571, 0.776197933436759, 0.7760588941252232, 0.7759344905306911, 0.7760369405497175, 0.7759930333987062, 0.7760296226912157, 0.7759637619646986, 0.7759857155402043, 0.7759125369551855, 0.7760369405497175, 0.7760515762667213, 0.7760296226912157, 0.7762418405877703, 0.7762272048707666, 0.7763369727482949, 0.7764174691918158, 0.7762491584462723, 0.7763589263238007, 0.7763077013142874, 0.7761613441442496, 0.7762711120217779, 0.7762711120217779, 0.7764101513333138, 0.7763003834557854, 0.7762198870122647, 0.7763150191727892, 0.7762711120217779, 0.7762418405877703, 0.7763442906067968, 0.7763223370312912, 0.7762564763047741, 0.7762418405877703, 0.7763223370312912, 0.7762345227292685, 0.7762857477387817, 0.7762784298802798, 0.7763808798993063, 0.7764540584843251, 0.77639551561631, 0.7764247870503176, 0.7764613763428271, 0.7763442906067968, 0.7764394227673214, 0.7764394227673214, 0.7765052834938384, 0.7763662441823025, 0.7763369727482949, 0.776402833474812, 0.7764394227673214, 0.7763808798993063, 0.7765784620788573, 0.7764394227673214, 0.7764760120598309, 0.7764833299183327, 0.77639551561631, 0.7764321049088195, 0.7764467406258233], "test_loss_prog": [0.5255876976206855, 0.520365410656055, 0.5186654056285398, 0.5179263704602843, 0.5173481855558503, 0.5169210969008889, 0.5166507038552488, 0.5164200066252265, 0.5164183693784776, 0.5163318756194145, 0.5161827523252086, 0.5161733530080177, 0.5160460165619262, 0.5159438759816799, 0.515771867894271, 0.5157748140128092, 0.515777034208409, 0.5156936248797978, 0.5156407600458442, 0.5154912587917335, 0.515282442761838, 0.5152829816603491, 0.5151432425138951, 0.5150881088594998, 0.514856796290631, 0.5147316018012849, 0.5148935738017937, 0.5148145728386365, 0.5146312006702746, 0.5145098257745752, 0.5144459298758062, 0.5144058353107376, 0.5142968099991714, 0.5141871796907169, 0.514021539079052, 0.5139696406972485, 0.5139481309418101, 0.513737390360737, 0.5138781947364446, 0.513837240443102, 0.5137264894710712, 0.5136687060774078, 0.5134098195862219, 0.5133209233245343, 0.5133111549976078, 0.5131450171421515, 0.5131519350643943, 0.5129911887869306, 0.5130735705061539, 0.5130624222540332, 0.5130267006763135, 0.5130571196318455, 0.5130342020749025, 0.5128316129927383, 0.5128059876755076, 0.5127449227110217, 0.512672400304055, 0.5126819617088079, 0.51277528492692, 0.512610496321036, 0.5125668719469488, 0.5125133248189104, 0.5124595296698479, 0.5124557752314016, 0.5124242659168837, 0.5123648220876704, 0.5123818604328155, 0.5122275668350267, 0.5121896180796496, 0.5121644186899528, 0.5121183293946369, 0.5120384065836401, 0.5121555668513871, 0.5120737006233999, 0.5121468585403369, 0.5122980516455128, 0.5120841746510353, 0.5119341273813219, 0.5118149652529395, 0.5119729827869971, 0.5120664026944748, 0.5119178043260388, 0.5117101621608537, 0.5118485077449774, 0.5117278377971273, 0.5116124005302871, 0.511453760231053, 0.5114707384958689, 0.5114093418167044, 0.5113440127325807, 0.5114850369862973, 0.511445788965482, 0.5114571824103986, 0.5114374094359583, 0.5115141366883148, 0.5115891049802368], "test_acc_prog": [0.7623860425829377, 0.7659977281332828, 0.7680365828794454, 0.7691725162380217, 0.7692307692307693, 0.7694637812017593, 0.7690851367489004, 0.7692598957271429, 0.7690560102525267, 0.7688812512742842, 0.7686191128069204, 0.768560859814173, 0.7685899863105468, 0.7684443538286779, 0.7686773657996679, 0.7684734803250517, 0.7687064922960417, 0.7685899863105468, 0.7685317333177992, 0.7689395042670317, 0.7687356187924155, 0.7686773657996679, 0.7689395042670317, 0.7692307692307693, 0.7694637812017593, 0.769376401712638, 0.769376401712638, 0.7695220341945067, 0.7694929076981329, 0.7698132991582443, 0.7699006786473656, 0.7700463111292343, 0.7699298051437392, 0.7701045641219818, 0.7703667025893455, 0.7705414615675881, 0.770424955582093, 0.7708618530276993, 0.7702793231002243, 0.7702210701074768, 0.7701628171147292, 0.7702793231002243, 0.770657967553083, 0.7706288410567093, 0.7704832085748405, 0.7708618530276993, 0.7707162205458306, 0.7707744735385781, 0.7707744735385781, 0.7706870940494568, 0.7705997145603355, 0.7700463111292343, 0.7701628171147292, 0.7706288410567093, 0.7702501966038505, 0.7703667025893455, 0.7705123350712143, 0.7706870940494568, 0.7706288410567093, 0.7708618530276993, 0.7709492325168206, 0.7709201060204468, 0.7709492325168206, 0.7709492325168206, 0.7709783590131943, 0.7710366120059418, 0.7713570034660531, 0.7711822444878106, 0.7711822444878106, 0.7712987504733055, 0.7712404974805581, 0.7713861299624268, 0.7712113709841844, 0.7713278769696793, 0.7712696239769318, 0.7712404974805581, 0.7714443829551744, 0.771473509451548, 0.7715900154370431, 0.7713278769696793, 0.7710657385023155, 0.7715026359479218, 0.7718521539044069, 0.7718230274080331, 0.7717356479189118, 0.7717939009116593, 0.7717647744152856, 0.7718521539044069, 0.7719686598899018, 0.7720851658753969, 0.7721434188681443, 0.7722890513500131, 0.7722599248536394, 0.7724055573355081, 0.7720560393790231, 0.7721725453645181],