{"MLP": {"train_loss_prog": [21.663134218965258, 21.12094689948218, 20.55903501340321, 20.078540331976754, 19.67269137246268, 19.3229537657329, 18.99065522806985, 18.652761234555925, 18.423496353626252, 18.128538455281937, 17.88336933680943, 17.650415006705693, 17.35204313141959, 17.090749291011264, 16.801071451391493, 16.595633833748952, 16.3785112789699, 16.249016601698738, 16.142451877253396, 16.082933209623608, 15.984229784352438, 15.908923443726131, 15.820055622713907, 15.785445960930415, 15.706605647291456, 15.672545155457088, 15.625875159672328, 15.562650559629713, 15.521262986319405, 15.447871506214142, 15.42154901283128, 15.465041620390755, 15.419772028923035, 15.39882914509092, 15.407791153022222, 15.350547111885888, 15.27256120273045, 15.243315639666148, 15.216008641890117, 15.22634009548596, 15.228864783900125, 15.238883592401232, 15.200116196700504, 15.093378195592335, 15.12764046873365, 15.149460084097726, 15.073874574048178, 14.995520613874708], "train_acc_prog": [17.17142857142857, 19.34285714285714, 20.085714285714285, 19.8, 20.057142857142857, 20.4, 20.514285714285716, 21.085714285714285, 21.428571428571427, 21.771428571428572, 22.085714285714285, 22.514285714285716, 22.485714285714284, 23.228571428571428, 23.742857142857144, 24.0, 24.0, 23.914285714285715, 24.228571428571428, 23.942857142857143, 24.114285714285714, 24.285714285714285, 24.37142857142857, 24.428571428571427, 24.34285714285714, 24.285714285714285, 24.571428571428573, 24.6, 24.6, 24.571428571428573, 24.457142857142856, 24.485714285714284, 24.6, 24.457142857142856, 24.542857142857144, 24.571428571428573, 24.714285714285715, 24.571428571428573, 24.771428571428572, 25.057142857142857, 24.771428571428572, 24.62857142857143, 24.685714285714287, 24.65714285714286, 24.714285714285715, 24.714285714285715, 24.857142857142858, 24.65714285714286], "test_loss_prog": [0.6813279784113061, 0.6635409890529481, 0.648595393564727, 0.6392356155151064, 0.6299231073916604, 0.6228997662179306, 0.6173182588191669, 0.6097569256913361, 0.6040667349250738, 0.5988887165427639, 0.5924171004915065, 0.5857554793573029, 0.5776414699072442, 0.5668357453621682, 0.5626192652361488, 0.5574717410850181, 0.5504977019900449, 0.5442937265019124, 0.5421654218370734, 0.5396347073871737, 0.5406740035606206, 0.5337320605985525, 0.5357820329252994, 0.5325687313553228, 0.534211396202714, 0.5360360301573784, 0.5325831200671971, 0.5366621288581875, 0.5319108505756847, 0.5343354506828294, 0.5294185924185743, 0.5332708604068963, 0.5306708243564578, 0.5314197636037957, 0.5311626751069988, 0.5292384437275277, 0.5321002888765576, 0.5317814382405057, 0.5332537187996323, 0.5282106868626839, 0.5338842767670697, 0.5274287883985774, 0.5336129224257349, 0.5310000398529136, 0.5313008429771726, 0.5322138845705383, 0.5288810129630437, 0.5302048999049603], "test_acc_prog": [0.5667870036101083, 0.628158844765343, 0.6353790613718412, 0.6245487364620939, 0.628158844765343, 0.631768953068592, 0.6498194945848376, 0.6714801444043321, 0.6967509025270758, 0.6859205776173285, 0.7111913357400722, 0.7111913357400722, 0.7184115523465704, 0.7436823104693141, 0.7472924187725631, 0.7436823104693141, 0.7617328519855595, 0.7653429602888087, 0.7617328519855595, 0.7617328519855595, 0.7472924187725631, 0.776173285198556, 0.776173285198556, 0.7689530685920578, 0.7617328519855595, 0.776173285198556, 0.7509025270758123, 0.7653429602888087, 0.7581227436823105, 0.7617328519855595, 0.7581227436823105, 0.7653429602888087, 0.7689530685920578, 0.7617328519855595, 0.7617328519855595, 0.7581227436823105, 0.7617328519855595, 0.7689530685920578, 0.7725631768953068, 0.7617328519855595, 0.7509025270758123, 0.7689530685920578, 0.7725631768953068, 0.7689530685920578, 0.7581227436823105, 0.7545126353790613, 0.7545126353790613, 0.7689530685920578], "test_acc_h1_prog": [0.5221238938053098, 0.6371681415929203, 0.6371681415929203, 0.6460176991150443, 0.6548672566371682, 0.6460176991150443, 0.6814159292035398, 0.7256637168141593, 0.7345132743362832, 0.7345132743362832, 0.7699115044247787, 0.7699115044247787, 0.7876106194690266, 0.8053097345132744, 0.8053097345132744, 0.7964601769911505, 0.831858407079646, 0.8230088495575221, 0.8053097345132744, 0.8141592920353983, 0.7964601769911505, 0.831858407079646, 0.831858407079646, 0.8230088495575221, 0.8053097345132744, 0.831858407079646, 0.7876106194690266, 0.8141592920353983, 0.8141592920353983, 0.8141592920353983, 0.8053097345132744, 0.8230088495575221, 0.8141592920353983, 0.8141592920353983, 0.8141592920353983, 0.8141592920353983, 0.8230088495575221, 0.8230088495575221, 0.8230088495575221, 0.8141592920353983, 0.7964601769911505, 0.8141592920353983, 0.8230088495575221, 0.8230088495575221, 0.7964601769911505, 0.7964601769911505, 0.7964601769911505, 0.8230088495575221], "test_loss_h1_prog": [0.687873718485368, 0.6724487806843445, 0.6538630449666386, 0.6329241052138067, 0.6180987627105375, 0.5991724191513736, 0.5873881562621193, 0.5691946665797614, 0.5606609087074752, 0.550205070360572, 0.5356979032533359, 0.5275413283204611, 0.5166516831490846, 0.5074423298371576, 0.49563337427324955, 0.48923894499255494, 0.4844724303853195, 0.4786028764416686, 0.4832600278664479, 0.47715833440291144, 0.47465916043889206, 0.4742259472872304, 0.47167372017835096, 0.4704596587514455, 0.47253404333528165, 0.47197791195548744, 0.4710916584044431, 0.47191499978040174, 0.46908688149621003, 0.4685124164134, 0.46890529700085126, 0.47221140655796084, 0.4680836947090858, 0.46873621154675443, 0.469228836023702, 0.4695348299182622, 0.4708627697113341, 0.4706116561341075, 0.4725713489857395, 0.46798776868170344, 0.47251494057410587, 0.4709487164442518, 0.47193073197803664, 0.4725320539643279, 0.47354121018300016, 0.4732609918687196, 0.47350791571414574, 0.4718158611681609], "test_acc_h6_prog": [0.5975609756097561, 0.6219512195121951, 0.6341463414634146, 0.6097560975609756, 0.6097560975609756, 0.6219512195121951, 0.6280487804878049, 0.6341463414634146, 0.6707317073170732, 0.6524390243902439, 0.6707317073170732, 0.6707317073170732, 0.6707317073170732, 0.7012195121951219, 0.7073170731707317, 0.7073170731707317, 0.7134146341463414, 0.725609756097561, 0.7317073170731707, 0.725609756097561, 0.7134146341463414, 0.7378048780487805, 0.7378048780487805, 0.7317073170731707, 0.7317073170731707, 0.7378048780487805, 0.725609756097561, 0.7317073170731707, 0.7195121951219512, 0.725609756097561, 0.725609756097561, 0.725609756097561, 0.7378048780487805, 0.725609756097561, 0.725609756097561, 0.7195121951219512, 0.7195121951219512, 0.7317073170731707, 0.7378048780487805, 0.725609756097561, 0.7195121951219512, 0.7378048780487805, 0.7378048780487805, 0.7317073170731707, 0.7317073170731707, 0.725609756097561, 0.725609756097561, 0.7317073170731707], "test_loss_h6_prog": [0.6768178314697452, 0.6574033077170209, 0.6449658572673798, 0.64358438805836, 0.6380704510502699, 0.6392484539892616, 0.6379408618298973, 0.6377054242099204, 0.6339744474829697, 0.6324329579748759, 0.6314980275020367, 0.6258664938007913, 0.6196650408390092, 0.6077592976209594, 0.6087741804559056, 0.604485761101653, 0.5959906788860879, 0.5895563007854834, 0.5827525981315752, 0.5826824536410774, 0.5861597737161125, 0.5747332721948624, 0.579954239653378, 0.5753633823336625, 0.5767085486795844, 0.5801735934687824, 0.574952253117794, 0.5812744661802198, 0.5751981153720762, 0.5796891396365514, 0.5711137230803327, 0.5753422782915395, 0.573794902824774, 0.5746102469359956, 0.5738365944565796, 0.570375671837388, 0.5742944075566966, 0.5739288737134236, 0.5750654005422825, 0.5697057915896904, 0.5761691920640992, 0.5663449949607616, 0.5761135002461876, 0.5712859834112772, 0.5710986928968895, 0.5728338567948923, 0.5670344186265294, 0.5704363426420747], "final_epoch": 48}}