{"RNN": {"train_loss_prog": [16.574187712070955, 15.296947864898891, 14.627907771300555, 14.01608245042302, 13.560131790151754, 13.153821830335307, 12.836320154060108, 12.612287841393613, 12.394243726934658, 12.239808129555334], "train_acc_prog": [24.312807305080778, 25.1444626551159, 25.45282135331304, 25.752048700538516, 25.916413018028564, 26.090845235307892, 26.211191758370404, 26.306953874970734, 26.398033247483024, 26.450714118473424], "test_loss_prog": [0.5109791809329651, 0.5254078881964107, 0.507161967251701, 0.5060216767428982, 0.5274856522359457, 0.5200594739998592, 0.5125984301610965, 0.5213631796238949, 0.525382599486225, 0.5207347857538238], "test_acc_prog": [0.768327847843183, 0.7560655928698337, 0.7677161914193341, 0.7710074855095681, 0.7624442955756852, 0.7641627588617366, 0.7630850784959077, 0.7583374595869863, 0.7542014971019136, 0.7565898698045612], "test_acc_h1_prog": [0.8057658707047175, 0.7934769947582994, 0.8076295864880606, 0.8086196854979616, 0.8017472335468842, 0.8042516016307513, 0.8065230052417006, 0.799883517763541, 0.7987769365171812, 0.7993593476994758], "test_loss_h1_prog": [0.46190101163777486, 0.47726889961530944, 0.456680734489432, 0.4562227931665555, 0.47903324671796954, 0.469773960960557, 0.46092463157242236, 0.47592341876960315, 0.47704329681590885, 0.47181899603119964], "test_acc_h6_prog": [0.7308745557303502, 0.718638932587543, 0.727786517508594, 0.7333799452310202, 0.7231253277399056, 0.7240575656936433, 0.7196294354133893, 0.7167744566800676, 0.7096078774107091, 0.7138029482025287], "test_loss_h6_prog": [0.560077367165855, 0.5735665105545027, 0.5576637909159282, 0.5558408613802427, 0.5759578181029908, 0.5703654948393865, 0.5642933005088624, 0.5668214669245242, 0.5737416189095985, 0.5696705279685481], "final_epoch": 10}, "LSTM": {"train_loss_prog": [16.192796608793795, 14.143579748803909, 13.364937167875494, 13.040190854820036, 12.771167094912359, 12.54258473845841, 12.310044970843977, 12.069049321580787, 11.826421260666272, 11.614991233949498, 11.405058110075682], "train_acc_prog": [24.40014048232264, 25.343947553266215, 25.748068368063684, 25.90540856942168, 26.061812221962068, 26.184734254273003, 26.309763521423555, 26.43947553266214, 26.546944509482557, 26.6445797237181, 26.778506204635917], "test_loss_prog": [0.5088522168458979, 0.5043193445998936, 0.5041538029644382, 0.5129736017150314, 0.5018738149308452, 0.5061225595155986, 0.5152178545774958, 0.5260958937380187, 0.5304747280493495, 0.5222468377470404, 0.5339357467423094], "test_acc_prog": [0.7726385693064981, 0.7717647744152856, 0.769958931640113, 0.7663763725861417, 0.7694637812017593, 0.7680365828794454, 0.7654151982058078, 0.7512888474645385, 0.7437742114001107, 0.7551044184894999, 0.7496577636676084], "test_acc_h1_prog": [0.813511939429237, 0.8117064647641234, 0.8124053581828771, 0.8073966220151427, 0.8154338963308095, 0.8102504368083867, 0.8105998835177636, 0.8092603377984857, 0.8030285381479324, 0.800990099009901, 0.8018054746651135], "test_loss_h1_prog": [0.4570461447008418, 0.4527270229701463, 0.44996001461458957, 0.46042892727729673, 0.44694257114401514, 0.45317576313060454, 0.46101741642193805, 0.47258103700592274, 0.4760633055561146, 0.47202383972005785, 0.484872921515011], "test_acc_h6_prog": [0.7317485288119793, 0.7318067936840879, 0.727495193148051, 0.7253393928800326, 0.7234749169725573, 0.7258055118569015, 0.7202120841344753, 0.6932937132202995, 0.6844957175319, 0.7092000233059489, 0.6974887840121191], "test_loss_h6_prog": [0.5606794189439261, 0.5559327051886547, 0.5583696942962022, 0.5655397136943613, 0.5568274629808546, 0.5590909546588342, 0.569440397671773, 0.579632575519017, 0.5849083399415634, 0.5724903190444346, 0.583018582347028], "final_epoch": 11}, "GRU": {"train_loss_prog": [15.821567714926063, 13.927044888704952, 13.227075115045098, 12.882758984267642, 12.634630927127409, 12.423466015604502, 12.241786019915413], "train_acc_prog": [24.655818309529383, 25.524701475064386, 25.895106532428002, 26.079606649496604, 26.178646686958558, 26.292437368297822, 26.394287052212597], "test_loss_prog": [0.5038314620350554, 0.5041908069594818, 0.5056238396725452, 0.5045598411342702, 0.5178234076286748, 0.5202370710753195, 0.5140230441325732], "test_acc_prog": [0.7685317333177992, 0.767861823901203, 0.7668715230244953, 0.768793871785163, 0.7571141467392888, 0.7502111670987097, 0.7585995980543501], "test_acc_h1_prog": [0.8102504368083867, 0.8073383808969132, 0.809784507862551, 0.8098427489807805, 0.8011065812463599, 0.8090273733255678, 0.8048922539312755], "test_loss_h1_prog": [0.4507016460355382, 0.4520739280559604, 0.4517950988989204, 0.451959902811828, 0.4658757208875257, 0.4609452466979996, 0.4599384079544643], "test_acc_h6_prog": [0.7267960146827478, 0.7283691662296802, 0.723941035949426, 0.7277282526364854, 0.7131037697372254, 0.6913709724407155, 0.712288061527705], "test_loss_h6_prog": [0.556982946181946, 0.5563289403710506, 0.5594745339150822, 0.5571812307828374, 0.569792289551006, 0.5795530799329403, 0.5681297427005009], "final_epoch": 7}, "TinyGRU": {"train_loss_prog": [18.262864017983393, 16.525660873799154, 16.148161514417765, 15.774982453257829, 15.513626206928771, 15.36725264211305, 15.26959853199097, 15.196627588217389, 15.14028117637728, 15.096601797696495], "train_acc_prog": [22.5129946148443, 24.232029969562163, 24.349098571763054, 24.351439943807073, 24.395457738234605, 24.4078670100679, 24.394287052212597, 24.427066260828845, 24.419573870287987, 24.404120814797473], "test_loss_prog": [0.5330651648917901, 0.5348611199077696, 0.5295310430090909, 0.5258901714618918, 0.5266537048660226, 0.5281847770628377, 0.5301896805082078, 0.5288526608789568, 0.5302400262077754, 0.529196428389969], "test_acc_prog": [0.749599510674861, 0.7482305653452946, 0.7464829755628696, 0.7484635773162847, 0.7484635773162847, 0.7455509276789095, 0.7435120729327469, 0.7450557772405557, 0.746541228555617, 0.7430460489907669], "test_acc_h1_prog": [0.7818870122306348, 0.782644146767618, 0.7875364006988934, 0.7881188118811882, 0.7910891089108911, 0.7938846825859056, 0.7938264414676762, 0.7954571927781013, 0.7930110658124636, 0.7945253348864298], "test_loss_h1_prog": [0.487772629940725, 0.48804745373159353, 0.4792810574616536, 0.4755303310493987, 0.4735087544541756, 0.4732437981723281, 0.47453581320385496, 0.47403378903553384, 0.47484124928070626, 0.47187160280949164], "test_acc_h6_prog": [0.717298840529045, 0.7138029482025287, 0.7054128066188895, 0.7087921692011886, 0.7058206607236497, 0.6971974596515761, 0.6931771834760823, 0.6946338052787974, 0.7000524383848977, 0.6915457670570413], "test_loss_h6_prog": [0.5783761712104257, 0.5816938769395052, 0.5798015242404179, 0.5762705524463806, 0.5798203319281623, 0.5831481706066051, 0.5858662467503516, 0.5836938873531587, 0.5856613944680903, 0.586544633693075], "final_epoch": 10}, "Transformer": {"train_loss_prog": [15.557173954019834, 14.0288261589918, 13.319024843400381, 12.953664453854133, 12.69200103764678, 12.474542176240615, 12.29162503017304, 12.142342185812236], "train_acc_prog": [24.880121751346287, 25.419339733083586, 25.81854366658862, 26.014516506672912, 26.128073050807775, 26.236244439241396, 26.323343479278858, 26.42355420276282], "test_loss_prog": [0.5108648746284746, 0.5032174824744743, 0.5139512447807668, 0.5166928938735956, 0.514131750520532, 0.5132766190956555, 0.5237436358417163, 0.5393627345626216], "test_acc_prog": [0.7616578801735939, 0.7731045932484781, 0.768910377770658, 0.7702501966038505, 0.7682404683540617, 0.768327847843183, 0.7673084204701016, 0.7373372557015117], "test_acc_h1_prog": [0.7980780430984274, 0.8114152591729761, 0.8089691322073383, 0.8114735002912056, 0.8123471170646477, 0.806930693069307, 0.8110075713453698, 0.7967967384973792], "test_loss_h1_prog": [0.4609465930686833, 0.4534809333575487, 0.4638928342573714, 0.46502455812453114, 0.4612074245528975, 0.46574480735984874, 0.47626935317548263, 0.491013956264347],