{"train_acc": [0.7854500050111917, 0.7921733538235393, 0.7935556075234691, 0.7943114622657268, 0.7946789496542278, 0.7953345805632579, 0.7954682123408947], "train_loss": [0.47167974394462425, 0.46133145404377224, 0.45851674243508433, 0.4572979778371213, 0.4564501342900466, 0.4555575019118207, 0.45517705165353695], "test_acc": [0.7686138027158083, 0.7669946668669722, 0.768889222731332, 0.7691229124414732, 0.7681464232955256, 0.7686972633265731, 0.7688808766702555], "test_loss": [0.5123315053297859, 0.5362724133233918, 0.5194206738446189, 0.5203538465450028, 0.5310668287799906, 0.5370072109429367, 0.5248510154943443], "h1_acc": [0.8150295788672173, 0.8104609617524746, 0.8163181631816319, 0.8154395829672583, 0.8166110232530897, 0.8160838751244656, 0.8166695952673813], "h1_loss": [0.44614397196807976, 0.4523312931585024, 0.4407949936639192, 0.4419063464909441, 0.4423143686257019, 0.4492226166073847, 0.44104133008800395], "h1_step_acc": [[0.8148821326283322, 0.0, 0.0, 0.0, 0.0, 0.0], [0.8103175258867592, 0.0, 0.0, 0.0, 0.0, 0.0], [0.8162212216347213, 0.0, 0.0, 0.0, 0.0, 0.0], [0.8152917768230887, 0.0, 0.0, 0.0, 0.0, 0.0], [0.8166170962767129, 0.0, 0.0, 0.0, 0.0, 0.0], [0.8159871392377175, 0.0, 0.0, 0.0, 0.0, 0.0], [0.8165723452302269, 0.0, 0.0, 0.0, 0.0, 0.0]], "h6_acc": [0.7609008798567313, 0.7597718601572842, 0.7610079420696099, 0.7614264579926808, 0.7600930467959199, 0.7608230164291833, 0.7609398115705054], "h6_loss": [0.524360994734627, 0.5515054924288689, 0.5336056556748442, 0.5345617261160703, 0.5470228017810571, 0.5529346352661082, 0.53999206239975], "h6_step_acc": [[0.7396805037313433, 0.742304104477612, 0.7544892723880597, 0.761660447761194, 0.7720382462686567, 0.7955340485074627], [0.7368236940298507, 0.7418959888059702, 0.7547807835820896, 0.7631180037313433, 0.7677238805970149, 0.7946012126865671], [0.742245802238806, 0.7430620335820896, 0.7545475746268657, 0.761602145522388, 0.7698227611940298, 0.7946595149253731], [0.7424207089552238, 0.7430037313432836, 0.7547807835820896, 0.7621268656716418, 0.7704640858208955, 0.7960587686567164], [0.7392723880597015, 0.7408465485074627, 0.7547224813432836, 0.7610191231343284, 0.769647854477612, 0.7953591417910447], [0.7367070895522388, 0.7430620335820896, 0.7550139925373134, 0.7633512126865671, 0.7715135261194029, 0.7955923507462687], [0.7425373134328358, 0.7413712686567164, 0.753847947761194, 0.7610191231343284, 0.7713969216417911, 0.7957672574626866]], "final_epoch": 7}