{"MLP": {"train_loss_prog": [16.456312134558694, 15.93864824487452, 15.84159544916878, 15.802177015494184, 15.763419671002884, 15.746159731268186, 15.723559367336028, 15.709536247978434, 15.686147235680743, 15.675831546671906, 15.662619091864915, 15.646997973152072, 15.642420510799564, 15.632883830656086, 15.624661304853117, 15.614837437401041, 15.614110575614617, 15.600901034673056, 15.596180207715397, 15.600501451408654, 15.59586222104859, 15.585192054754112, 15.582254778097944, 15.578066628021107, 15.571985819632546, 15.565526249813058, 15.56121073432833, 15.559333824470029, 15.55429634911275, 15.548082437264291, 15.54163773263407, 15.535132615998474, 15.531339582197848, 15.537557497972633], "train_acc_prog": [24.455906432748538, 24.86035087719298, 24.893567251461988, 24.92233918128655, 24.941988304093567, 24.920233918128655, 24.951812865497075, 24.93754385964912, 24.947134502923976, 24.975438596491227, 24.974736842105262, 24.9812865497076, 24.982456140350877, 24.985497076023393, 25.003508771929823, 24.99812865497076, 24.996959064327484, 25.01730994152047, 25.005380116959063, 24.99906432748538, 25.006783625730993, 25.024561403508773, 25.024795321637427, 25.0166081871345, 25.019415204678364, 25.021286549707604, 25.03157894736842, 25.00982456140351, 25.026198830409356, 25.03017543859649, 25.028538011695908, 25.025263157894738, 25.032280701754384, 25.051695906432748], "test_loss_prog": [0.5041667964980174, 0.5023720747745396, 0.5003910604236342, 0.49821157464786703, 0.49839710780715796, 0.49748339127716196, 0.4957751570366473, 0.4966008912963777, 0.49536926044749735, 0.4954226717344588, 0.49650439168499355, 0.4948424529875218, 0.5012231940290233, 0.4940987451350434, 0.49349533136704515, 0.494758723015485, 0.49512034606511096, 0.4941831806396104, 0.49520420880506905, 0.49323593484284145, 0.4932120666119196, 0.49339037231106814, 0.49314525823591465, 0.49310403646396384, 0.49463487933538675, 0.49345737623186053, 0.49422721483067616, 0.49157157928395573, 0.49274029183705675, 0.4929123773556911, 0.49468398246164996, 0.4927809470354592, 0.49228249935461427, 0.4942550040056201], "test_acc_prog": [0.7738982951720911, 0.7741614761528789, 0.7746878381144545, 0.7784600988390794, 0.7761499546743866, 0.7755066233880165, 0.7757990467000029, 0.7767640436295582, 0.7774073749159283, 0.7747170804456531, 0.7750095037576396, 0.776120712343188, 0.7743661724712694, 0.7767640436295582, 0.7772904055911337, 0.7755651080504138, 0.7772611632599351, 0.7768225282919554, 0.778167675527093, 0.7778167675527093, 0.7783431295142849, 0.7784893411702781, 0.7768810129543527, 0.7770272246103459, 0.7784893411702781, 0.7774951019095242, 0.7775243442407229, 0.7787817644822645, 0.7783138871830863, 0.7782554025206889, 0.7775828289031201, 0.779074187794251, 0.7789572184694564, 0.7758282890312016], "test_acc_h1_prog": [0.8142681426814268, 0.8110466818953904, 0.8121009781526387, 0.8146195747671763, 0.8144438587243016, 0.8125695542669712, 0.8143267146957184, 0.8142095706671353, 0.8130967023955954, 0.8121009781526387, 0.8117495460668892, 0.812335266209805, 0.8094066654952263, 0.8142095706671353, 0.8129795583670122, 0.8125109822526797, 0.8137409945528027, 0.8132724184384701, 0.816025303110174, 0.816025303110174, 0.8158495870672993, 0.815615299010133, 0.8139167105956774, 0.8132138464241785, 0.8145610027528847, 0.8148538628243426, 0.8150295788672173, 0.8146781467814678, 0.8158495870672993, 0.8138581385813858, 0.8139167105956774, 0.8149710068529257, 0.8154395829672583, 0.8135067064956364], "test_loss_h1_prog": [0.4552886870989221, 0.4544668976754929, 0.4506301694886026, 0.4476816858578069, 0.44858094943552146, 0.4459930964340988, 0.44484141444389064, 0.4451133620618189, 0.444432393822234, 0.4446991736514772, 0.4467324756091546, 0.4437972713192674, 0.45466486141648577, 0.44254647977098127, 0.44251254683588803, 0.44305036449965823, 0.44463182055649225, 0.4430862705289867, 0.44356183661717996, 0.4419144635836451, 0.4421484828246664, 0.4421236287560913, 0.44204968222762947, 0.4426730072422214, 0.4443058352551952, 0.44281855256808966, 0.44423793404395445, 0.44048599447844033, 0.4415220680739823, 0.44215162805630315, 0.4453896887586021, 0.44231533383482446, 0.4411152517663597, 0.4431967666270213], "test_acc_h6_prog": [0.733648680214903, 0.7373861247372109, 0.7373861247372109, 0.7424083158140621, 0.7379701004438215, 0.7385540761504321, 0.7373861247372109, 0.739430039710348, 0.7418243401074516, 0.7374445223078719, 0.7383788834384489, 0.7400140154169587, 0.739430039710348, 0.739430039710348, 0.7417075449661295, 0.7387292688624153, 0.7408899789768746, 0.7404811959822472, 0.7404227984115861, 0.7397220275636534, 0.7409483765475356, 0.7414739546834852, 0.7399556178462976, 0.7409483765475356, 0.7425251109553842, 0.7402476056996029, 0.7401308105582808, 0.7429922915206727, 0.7408899789768746, 0.7427587012380285, 0.7413571595421631, 0.743284279373978, 0.7425835085260453, 0.7382620882971268], "test_loss_h6_prog": [0.5528993328245297, 0.5501345756370813, 0.5500037428291845, 0.5485909705795826, 0.548064895320568, 0.5488203370704798, 0.5465572068580427, 0.5479350758334015, 0.546154425623706, 0.5459951039676046, 0.5461280789505625, 0.5457356036739688, 0.5476428607278159, 0.5454974746110979, 0.5443262688900873, 0.5463130827736448, 0.5454585044719827, 0.5451279070660824, 0.5466927751860478, 0.5444045539660811, 0.5441235675694257, 0.5445044369473131, 0.5440886603619166, 0.5433848718356596, 0.5448140286725416, 0.5439453835006741, 0.5440676176667743, 0.5425050120937354, 0.5438059739241169, 0.5435219460755023, 0.5438314651223272, 0.5430962510460923, 0.5432973581966021, 0.5451611774083582], "final_epoch": 34}}