{"MLP": {"train_loss_prog": [16.68454623680097, 14.151511268715087, 13.082198607226609, 12.654435307506208, 12.361731822137335, 12.112480621654964, 11.902486819317737, 11.718933220644852], "train_acc_prog": [24.287286349800983, 25.450714118473424, 25.859517677358934, 26.101381409505972, 26.273238117536877, 26.385858112854134, 26.481151955045657, 26.589089206274878], "test_loss_prog": [0.5078142853928734, 0.5061714024699732, 0.5139645012457705, 0.5240817380929581, 0.5351734170786476, 0.5301074810295501, 0.5518782258691725, 0.5423810951702733], "test_acc_prog": [0.7718812804007806, 0.7712113709841844, 0.7627355605394227, 0.7560073398770862, 0.7455800541752833, 0.7432790609617569, 0.7294148486878513, 0.733667317158419], "test_acc_h1_prog": [0.8125800815375656, 0.8105998835177636, 0.8101339545719278, 0.8001747233546884, 0.794175888177053, 0.8031450203843914, 0.780547466511357, 0.787245195107746], "test_loss_h1_prog": [0.45887407738244596, 0.4558088381066875, 0.4580126202689678, 0.46823719792679847, 0.4753833337689668, 0.4681400359405913, 0.5003375447240762, 0.4893994421929763], "test_acc_h6_prog": [0.7311658800908932, 0.7318067936840879, 0.7153178348773525, 0.7118219425508361, 0.6969644001631417, 0.6833886849618365, 0.6782613762162792, 0.680067587251646], "test_loss_h6_prog": [0.5567744592735278, 0.5565545022616136, 0.5699391963493988, 0.579949052633331, 0.5949878889121203, 0.5921001967652822, 0.6034399246145696, 0.5953843632423953], "final_epoch": 8}}